no,raw,smooth
0,93.43594,51.729755
1,85.10986,47.095737
2,77.070984,42.87195
3,69.341705,39.072056
4,61.936646,35.708763
5,54.87671,32.79455
6,48.17955,30.340979
7,41.861908,28.358915
8,35.94133,26.858583
9,30.429,25.84939
10,25.340546,25.340546
