no,raw,smooth
0,220.40372,289.65378
1,230.31947,297.34824
2,240.16548,304.79587
3,249.9051,311.97705
4,259.52005,318.87393
5,268.99203,325.4688
6,278.28583,331.74402
7,287.38953,337.68384
8,296.2693,343.2721
9,304.90857,348.49466
10,313.29077,353.3376
11,321.38474,357.78723
12,329.1801,361.83194
13,336.64795,365.45993
14,343.77435,368.6613
15,350.54565,371.4265
16,356.93655,373.7466
17,362.93893,375.61438
18,368.53046,377.0228
19,373.701,377.96637
20,378.4403,378.4403
