no,raw,smooth
0,85.10986,47.095737
1,77.070984,42.87195
2,69.341705,39.072056
3,61.936646,35.708763
4,54.87671,32.79455
5,48.17955,30.340979
6,41.861908,28.358915
7,35.94133,26.858583
8,30.429,25.84939
9,25.340546,25.340546
