no,raw,smooth
0,157.93181,94.35704
1,148.21158,87.293175
2,138.62082,80.52447
3,129.18349,74.06932
4,119.92319,67.945526
5,110.86579,62.170235
6,102.02842,56.75962
7,93.43594,51.729755
8,85.10986,47.095737
9,77.070984,42.87195
10,69.341705,39.072056
11,61.936646,35.708763
12,54.87671,32.79455
13,48.17955,30.340979
14,41.861908,28.358915
15,35.94133,26.858583
16,30.429,25.84939
17,25.340546,25.340546
